ws_gap,ws_dom,odds_min,odds_max,f1_n,f1_wr,f1_roi,f2_n,f2_wr,f2_roi,avg_roi
70,65,2.0,2.5,86,0.5348837209302325,19.686046511627897,130,0.4846153846153846,6.869230769230769,13.277638640429332
70,70,2.0,2.5,86,0.5348837209302325,19.686046511627897,130,0.4846153846153846,6.869230769230769,13.277638640429332
70,75,2.0,2.5,85,0.5294117647058824,18.44705882352941,130,0.4846153846153846,6.869230769230769,12.658144796380089
50,70,2.0,2.5,98,0.5102040816326531,14.265306122448981,161,0.4968944099378882,10.440993788819874,12.353149955634429
80,75,2.0,2.5,74,0.527027027027027,17.54054054054054,107,0.48598130841121495,7.056074766355142,12.298307653447841
80,80,2.0,2.5,74,0.527027027027027,17.54054054054054,107,0.48598130841121495,7.056074766355142,12.298307653447841
80,65,2.0,2.5,74,0.527027027027027,17.54054054054054,107,0.48598130841121495,7.056074766355142,12.298307653447841
80,70,2.0,2.5,74,0.527027027027027,17.54054054054054,107,0.48598130841121495,7.056074766355142,12.298307653447841
80,85,2.0,2.5,74,0.527027027027027,17.54054054054054,107,0.48598130841121495,7.056074766355142,12.298307653447841
70,80,2.0,2.5,85,0.5294117647058824,18.44705882352941,129,0.4806201550387597,6.069767441860465,12.258413132694937
60,70,2.0,2.5,92,0.5217391304347826,16.608695652173918,153,0.48366013071895425,7.359477124183006,11.984086388178461
70,85,2.0,2.5,82,0.524390243902439,16.987804878048784,126,0.47619047619047616,5.26190476190476,11.124854819976772
50,80,2.0,2.5,92,0.5108695652173914,14.217391304347826,146,0.4863013698630137,7.815068493150683,11.016229898749256
60,80,2.0,2.5,90,0.5111111111111111,14.200000000000005,142,0.4859154929577465,7.788732394366199,10.994366197183101
50,85,2.0,2.5,87,0.5172413793103449,15.321839080459771,133,0.48120300751879697,6.360902255639099,10.841370668049436
50,65,2.0,2.5,104,0.5096153846153846,14.096153846153847,176,0.48295454545454547,7.3068181818181825,10.701486013986015
50,75,2.0,2.5,96,0.5104166666666666,14.302083333333334,153,0.48366013071895425,7.065359477124182,10.683721405228757
60,75,2.0,2.5,91,0.5164835164835165,15.41758241758242,147,0.47619047619047616,5.5510204081632635,10.484301412872842
60,85,2.0,2.5,85,0.5176470588235295,15.329411764705887,132,0.4772727272727273,5.499999999999998,10.414705882352942
60,65,2.0,2.5,96,0.5104166666666666,14.229166666666668,160,0.475,5.475,9.852083333333333
90,65,2.0,2.5,54,0.5,10.240740740740737,78,0.48717948717948717,6.858974358974355,8.549857549857546
90,70,2.0,2.5,54,0.5,10.240740740740737,78,0.48717948717948717,6.858974358974355,8.549857549857546
90,75,2.0,2.5,54,0.5,10.240740740740737,78,0.48717948717948717,6.858974358974355,8.549857549857546
90,80,2.0,2.5,54,0.5,10.240740740740737,78,0.48717948717948717,6.858974358974355,8.549857549857546
90,85,2.0,2.5,54,0.5,10.240740740740737,78,0.48717948717948717,6.858974358974355,8.549857549857546
70,75,2.0,3.0,109,0.5045871559633027,17.275229357798164,165,0.43636363636363634,-0.890909090909092,8.192160133444537
70,65,2.0,3.0,110,0.509090909090909,18.254545454545454,167,0.4311377245508982,-2.077844311377246,8.088350571584105
70,70,2.0,3.0,110,0.509090909090909,18.254545454545454,167,0.4311377245508982,-2.077844311377246,8.088350571584105
70,80,2.0,3.0,108,0.5,15.76851851851852,160,0.4375,-0.7312500000000008,7.51863425925926
100,65,2.0,3.0,36,0.5277777777777778,17.861111111111114,56,0.42857142857142855,-3.303571428571424,7.278769841269845
100,85,2.0,99.0,36,0.5277777777777778,17.861111111111114,56,0.42857142857142855,-3.303571428571424,7.278769841269845
100,65,2.0,4.0,36,0.5277777777777778,17.861111111111114,56,0.42857142857142855,-3.303571428571424,7.278769841269845
100,85,2.0,4.0,36,0.5277777777777778,17.861111111111114,56,0.42857142857142855,-3.303571428571424,7.278769841269845
100,70,2.0,3.0,36,0.5277777777777778,17.861111111111114,56,0.42857142857142855,-3.303571428571424,7.278769841269845
100,65,2.0,99.0,36,0.5277777777777778,17.861111111111114,56,0.42857142857142855,-3.303571428571424,7.278769841269845
100,75,2.0,3.0,36,0.5277777777777778,17.861111111111114,56,0.42857142857142855,-3.303571428571424,7.278769841269845
100,80,2.0,99.0,36,0.5277777777777778,17.861111111111114,56,0.42857142857142855,-3.303571428571424,7.278769841269845
100,85,2.0,3.0,36,0.5277777777777778,17.861111111111114,56,0.42857142857142855,-3.303571428571424,7.278769841269845
100,75,2.0,4.0,36,0.5277777777777778,17.861111111111114,56,0.42857142857142855,-3.303571428571424,7.278769841269845
100,75,2.0,99.0,36,0.5277777777777778,17.861111111111114,56,0.42857142857142855,-3.303571428571424,7.278769841269845
100,80,2.0,4.0,36,0.5277777777777778,17.861111111111114,56,0.42857142857142855,-3.303571428571424,7.278769841269845
100,70,2.0,4.0,36,0.5277777777777778,17.861111111111114,56,0.42857142857142855,-3.303571428571424,7.278769841269845
100,70,2.0,99.0,36,0.5277777777777778,17.861111111111114,56,0.42857142857142855,-3.303571428571424,7.278769841269845
100,80,2.0,3.0,36,0.5277777777777778,17.861111111111114,56,0.42857142857142855,-3.303571428571424,7.278769841269845
80,85,2.0,3.0,88,0.5,14.15909090909091,128,0.4453125,0.36718749999999845,7.263139204545454
50,70,2.0,3.0,133,0.48120300751879697,12.556390977443607,226,0.4336283185840708,0.7699115044247801,6.6631512409341935
70,85,2.0,3.0,101,0.49504950495049505,13.524752475247526,148,0.4391891891891892,-0.9797297297297318,6.272511372758897
50,80,2.0,3.0,118,0.4830508474576271,12.016949152542374,190,0.4368421052631579,0.38947368421052525,6.2032114183764495
70,80,1.7,2.5,166,0.5542168674698795,12.32530120481928,255,0.49411764705882355,-0.7411764705882361,5.792062367115522
60,80,2.0,3.0,116,0.4827586206896552,11.965517241379311,182,0.4340659340659341,-0.6923076923076944,5.636604774535808
80,65,1.7,2.5,148,0.5540540540540541,11.743243243243242,216,0.49537037037037035,-0.5740740740740727,5.584584584584585
80,80,1.7,2.5,148,0.5540540540540541,11.743243243243242,216,0.49537037037037035,-0.5740740740740727,5.584584584584585
80,75,1.7,2.5,148,0.5540540540540541,11.743243243243242,216,0.49537037037037035,-0.5740740740740727,5.584584584584585
80,70,1.7,2.5,148,0.5540540540540541,11.743243243243242,216,0.49537037037037035,-0.5740740740740727,5.584584584584585
50,75,2.0,3.0,128,0.4765625,11.117187500000002,208,0.4326923076923077,-0.06730769230769365,5.524939903846154
50,65,2.0,3.0,140,0.4857142857142857,13.571428571428568,251,0.41832669322709165,-2.6334661354581694,5.468981217985199
80,85,1.7,2.5,145,0.5517241379310345,11.53793103448276,215,0.4930232558139535,-0.9953488372093011,5.27129109863673
60,70,2.0,3.0,126,0.48412698412698413,13.01587301587302,211,0.4218009478672986,-2.492890995260665,5.261491010306177
80,65,2.0,3.0,90,0.4888888888888889,11.622222222222227,130,0.43846153846153846,-1.1769230769230767,5.222649572649575
80,75,2.0,3.0,90,0.4888888888888889,11.622222222222227,130,0.43846153846153846,-1.1769230769230767,5.222649572649575
80,80,2.0,3.0,90,0.4888888888888889,11.622222222222227,130,0.43846153846153846,-1.1769230769230767,5.222649572649575
80,70,2.0,3.0,90,0.4888888888888889,11.622222222222227,130,0.43846153846153846,-1.1769230769230767,5.222649572649575
70,75,1.7,2.5,171,0.5497076023391813,11.116959064327487,263,0.49429657794676807,-0.878326996197718,5.119316034064885
50,85,2.0,3.0,107,0.48598130841121495,11.271028037383179,160,0.4375,-1.1687500000000013,5.051139018691589
100,75,2.0,2.5,35,0.5142857142857142,12.942857142857145,50,0.44,-2.8999999999999977,5.021428571428574
100,65,2.0,2.5,35,0.5142857142857142,12.942857142857145,50,0.44,-2.8999999999999977,5.021428571428574
100,80,2.0,2.5,35,0.5142857142857142,12.942857142857145,50,0.44,-2.8999999999999977,5.021428571428574
100,85,2.0,2.5,35,0.5142857142857142,12.942857142857145,50,0.44,-2.8999999999999977,5.021428571428574
100,70,2.0,2.5,35,0.5142857142857142,12.942857142857145,50,0.44,-2.8999999999999977,5.021428571428574
90,65,2.0,3.0,58,0.4827586206896552,7.637931034482757,90,0.45555555555555555,2.166666666666666,4.902298850574711
90,75,2.0,3.0,58,0.4827586206896552,7.637931034482757,90,0.45555555555555555,2.166666666666666,4.902298850574711
90,85,2.0,3.0,58,0.4827586206896552,7.637931034482757,90,0.45555555555555555,2.166666666666666,4.902298850574711
90,80,2.0,3.0,58,0.4827586206896552,7.637931034482757,90,0.45555555555555555,2.166666666666666,4.902298850574711
90,70,2.0,3.0,58,0.4827586206896552,7.637931034482757,90,0.45555555555555555,2.166666666666666,4.902298850574711
70,70,1.7,2.5,173,0.5491329479768786,11.132947976878613,265,0.49056603773584906,-1.6264150943396227,4.753266441269496
70,65,1.7,2.5,173,0.5491329479768786,11.132947976878613,265,0.49056603773584906,-1.6264150943396227,4.753266441269496
60,85,2.0,3.0,105,0.4857142857142857,11.200000000000001,156,0.4358974358974359,-1.8076923076923108,4.6961538461538455
70,85,1.7,2.5,156,0.5448717948717948,10.628205128205128,245,0.4897959183673469,-1.3836734693877533,4.622265829408687
60,75,2.0,3.0,123,0.4796747967479675,11.813008130081302,196,0.42346938775510207,-2.6734693877551017,4.5697693711631
60,80,1.7,2.5,175,0.5371428571428571,8.805714285714284,273,0.4945054945054945,0.025641025641025907,4.415677655677655
60,65,2.0,3.0,131,0.48091603053435117,12.51908396946565,222,0.4144144144144144,-4.126126126126127,4.196478921669762
70,80,1.7,3.0,189,0.5343915343915344,11.539682539682536,286,0.46853146853146854,-3.807692307692307,3.8659951159951147
50,80,1.7,2.5,179,0.5307262569832403,7.6592178770949735,278,0.49280575539568344,-0.20863309352518006,3.7252923917848966
60,85,1.7,2.5,161,0.5341614906832298,8.49689440993789,255,0.49019607843137253,-1.188235294117645,3.6543295579101223
70,75,1.7,3.0,195,0.5333333333333333,11.364102564102568,298,0.4664429530201342,-4.265100671140938,3.549500946480815
50,65,2.0,4.0,167,0.46107784431137727,13.233532934131734,293,0.3890784982935154,-6.283276450511941,3.4751282418098963
50,65,2.0,99.0,172,0.45348837209302323,12.558139534883717,301,0.3853820598006645,-5.674418604651159,3.441860465116279
50,85,1.7,2.5,164,0.5304878048780488,7.914634146341465,257,0.490272373540856,-1.1011673151750956,3.4067334155831848
80,85,1.7,3.0,159,0.5345911949685535,10.194968553459118,236,0.4703389830508475,-3.9067796610169494,3.144094446221084
70,65,1.7,3.0,197,0.5329949238578681,11.375634517766501,302,0.4602649006622517,-5.533112582781459,2.9212609674925214
70,70,1.7,3.0,197,0.5329949238578681,11.375634517766501,302,0.4602649006622517,-5.533112582781459,2.9212609674925214
60,75,1.7,2.5,184,0.532608695652174,7.641304347826089,293,0.4880546075085324,-1.8054607508532419,2.9179217984864234
60,70,1.7,2.5,193,0.533678756476684,7.461139896373059,313,0.48562300319488816,-2.287539936102237,2.586799980135411
70,85,1.7,3.0,175,0.5257142857142857,9.320000000000002,267,0.4681647940074906,-4.295880149812733,2.5120599250936344
80,85,2.0,4.0,93,0.4731182795698925,8.021505376344086,136,0.4264705882352941,-3.0367647058823533,2.4923703352308664
80,85,2.0,99.0,93,0.4731182795698925,8.021505376344086,136,0.4264705882352941,-3.0367647058823533,2.4923703352308664
80,70,1.7,3.0,164,0.5304878048780488,9.060975609756097,239,0.4686192468619247,-4.3179916317991625,2.3714919889784674
80,65,1.7,3.0,164,0.5304878048780488,9.060975609756097,239,0.4686192468619247,-4.3179916317991625,2.3714919889784674
80,80,1.7,3.0,164,0.5304878048780488,9.060975609756097,239,0.4686192468619247,-4.3179916317991625,2.3714919889784674
80,75,1.7,3.0,164,0.5304878048780488,9.060975609756097,239,0.4686192468619247,-4.3179916317991625,2.3714919889784674
50,75,1.7,2.5,192,0.5260416666666666,6.5052083333333375,302,0.4867549668874172,-1.867549668874172,2.3188293322295825
50,70,2.0,99.0,158,0.4430379746835443,8.259493670886076,271,0.3948339483394834,-3.7749077490774914,2.2422929609042925
50,70,1.7,2.5,205,0.5219512195121951,5.209756097560976,331,0.49244712990936557,-0.824773413897281,2.1924913418318472
60,80,1.7,3.0,201,0.5174129353233831,8.21393034825871,313,0.46325878594249204,-3.9137380191693265,2.150096164544692
60,65,2.0,4.0,152,0.45394736842105265,10.296052631578945,259,0.38996138996138996,-6.162162162162159,2.066945234708393
90,70,1.7,2.5,117,0.5384615384615384,7.222222222222221,169,0.48520710059171596,-3.390532544378697,1.9158448389217622
90,75,1.7,2.5,117,0.5384615384615384,7.222222222222221,169,0.48520710059171596,-3.390532544378697,1.9158448389217622
90,85,1.7,2.5,117,0.5384615384615384,7.222222222222221,169,0.48520710059171596,-3.390532544378697,1.9158448389217622
90,80,1.7,2.5,117,0.5384615384615384,7.222222222222221,169,0.48520710059171596,-3.390532544378697,1.9158448389217622
90,65,1.7,2.5,117,0.5384615384615384,7.222222222222221,169,0.48520710059171596,-3.390532544378697,1.9158448389217622
50,70,2.0,4.0,154,0.44805194805194803,8.14935064935065,263,0.39923954372623577,-4.395437262357413,1.8769566934966182
50,80,1.7,3.0,205,0.5121951219512195,7.2243902439024374,322,0.46273291925465837,-3.493788819875774,1.8653007120133318
70,85,2.0,4.0,114,0.45614035087719296,6.368421052631577,158,0.4240506329113924,-2.8164556962025324,1.7759826782145223
90,75,2.0,99.0,62,0.45161290322580644,0.693548387096773,93,0.45161290322580644,2.5268817204301066,1.6102150537634399
90,75,2.0,4.0,62,0.45161290322580644,0.693548387096773,93,0.45161290322580644,2.5268817204301066,1.6102150537634399
90,70,2.0,99.0,62,0.45161290322580644,0.693548387096773,93,0.45161290322580644,2.5268817204301066,1.6102150537634399
90,85,2.0,99.0,62,0.45161290322580644,0.693548387096773,93,0.45161290322580644,2.5268817204301066,1.6102150537634399
90,70,2.0,4.0,62,0.45161290322580644,0.693548387096773,93,0.45161290322580644,2.5268817204301066,1.6102150537634399
90,85,2.0,4.0,62,0.45161290322580644,0.693548387096773,93,0.45161290322580644,2.5268817204301066,1.6102150537634399
90,65,2.0,99.0,62,0.45161290322580644,0.693548387096773,93,0.45161290322580644,2.5268817204301066,1.6102150537634399
90,65,2.0,4.0,62,0.45161290322580644,0.693548387096773,93,0.45161290322580644,2.5268817204301066,1.6102150537634399
90,80,2.0,4.0,62,0.45161290322580644,0.693548387096773,93,0.45161290322580644,2.5268817204301066,1.6102150537634399
90,80,2.0,99.0,62,0.45161290322580644,0.693548387096773,93,0.45161290322580644,2.5268817204301066,1.6102150537634399
60,65,2.0,99.0,154,0.44805194805194803,8.86363636363636,263,0.38783269961977185,-5.688212927756652,1.5877117179398539
60,70,2.0,4.0,146,0.4520547945205479,9.075342465753424,244,0.39344262295081966,-5.967213114754097,1.5540646754996637
70,85,2.0,99.0,114,0.45614035087719296,6.368421052631577,159,0.42138364779874216,-3.4276729559748436,1.4703740483283667
70,80,1.5,2.5,247,0.5546558704453441,4.42105263157895,406,0.5369458128078818,-2.0714285714285694,1.17481203007519
70,75,2.0,4.0,125,0.464,10.104,185,0.4,-7.82162162162162,1.1411891891891894
60,65,1.7,2.5,202,0.5247524752475248,5.683168316831684,325,0.48,-3.4492307692307724,1.1169687738004557
70,65,2.0,4.0,126,0.46825396825396826,11.015873015873012,187,0.39572192513368987,-8.80748663101604,1.104193192428486
70,70,2.0,4.0,126,0.46825396825396826,11.015873015873012,187,0.39572192513368987,-8.80748663101604,1.104193192428486
60,85,1.7,3.0,181,0.5138121546961326,6.856353591160221,279,0.4659498207885305,-4.698924731182797,1.078714429988712
60,70,2.0,99.0,148,0.44594594594594594,7.60135135135135,248,0.3911290322580645,-5.46774193548387,1.06680470793374
70,80,2.0,4.0,123,0.45528455284552843,7.016260162601625,175,0.4114285714285714,-5.24,0.8881300813008126
50,85,1.7,3.0,184,0.5108695652173914,6.364130434782609,284,0.4647887323943662,-4.63380281690141,0.8651638089405997
50,65,1.7,2.5,219,0.5114155251141552,3.2237442922374417,361,0.4903047091412742,-1.49584487534626,0.8639497084455908
70,85,1.5,2.5,233,0.5536480686695279,4.051502145922748,388,0.5335051546391752,-2.4948453608247387,0.7783283925490045
80,80,1.5,2.5,222,0.5630630630630631,5.247747747747749,347,0.5273775216138329,-3.7492795389048967,0.7492341044214264
80,70,1.5,2.5,222,0.5630630630630631,5.247747747747749,347,0.5273775216138329,-3.7492795389048967,0.7492341044214264
80,75,1.5,2.5,222,0.5630630630630631,5.247747747747749,347,0.5273775216138329,-3.7492795389048967,0.7492341044214264
80,65,1.5,2.5,222,0.5630630630630631,5.247747747747749,347,0.5273775216138329,-3.7492795389048967,0.7492341044214264
50,85,1.5,2.5,243,0.5473251028806584,2.946502057613173,404,0.5371287128712872,-1.6584158415841563,0.6440431080145084
60,75,1.7,3.0,216,0.5092592592592593,6.740740740740743,342,0.45614035087719296,-5.4649122807017525,0.6379142300194953
100,80,1.7,3.0,88,0.5454545454545454,8.06818181818182,128,0.46875,-6.859374999999999,0.6044034090909105
100,85,1.7,99.0,88,0.5454545454545454,8.06818181818182,128,0.46875,-6.859374999999999,0.6044034090909105
100,75,1.7,3.0,88,0.5454545454545454,8.06818181818182,128,0.46875,-6.859374999999999,0.6044034090909105
100,70,1.7,99.0,88,0.5454545454545454,8.06818181818182,128,0.46875,-6.859374999999999,0.6044034090909105
100,70,1.7,4.0,88,0.5454545454545454,8.06818181818182,128,0.46875,-6.859374999999999,0.6044034090909105
100,70,1.7,3.0,88,0.5454545454545454,8.06818181818182,128,0.46875,-6.859374999999999,0.6044034090909105
100,65,1.7,99.0,88,0.5454545454545454,8.06818181818182,128,0.46875,-6.859374999999999,0.6044034090909105
100,65,1.7,4.0,88,0.5454545454545454,8.06818181818182,128,0.46875,-6.859374999999999,0.6044034090909105
100,65,1.7,3.0,88,0.5454545454545454,8.06818181818182,128,0.46875,-6.859374999999999,0.6044034090909105
100,75,1.7,99.0,88,0.5454545454545454,8.06818181818182,128,0.46875,-6.859374999999999,0.6044034090909105
100,80,1.7,4.0,88,0.5454545454545454,8.06818181818182,128,0.46875,-6.859374999999999,0.6044034090909105
100,80,1.7,99.0,88,0.5454545454545454,8.06818181818182,128,0.46875,-6.859374999999999,0.6044034090909105
100,85,1.7,3.0,88,0.5454545454545454,8.06818181818182,128,0.46875,-6.859374999999999,0.6044034090909105
100,85,1.7,4.0,88,0.5454545454545454,8.06818181818182,128,0.46875,-6.859374999999999,0.6044034090909105
100,75,1.7,4.0,88,0.5454545454545454,8.06818181818182,128,0.46875,-6.859374999999999,0.6044034090909105
70,75,1.5,2.5,254,0.5511811023622047,3.5511811023622095,415,0.5349397590361445,-2.3686746987951772,0.5912532017835161
80,85,1.7,4.0,164,0.5182926829268293,6.835365853658537,244,0.45901639344262296,-5.663934426229509,0.5857157137145141
80,85,1.7,99.0,164,0.5182926829268293,6.835365853658537,244,0.45901639344262296,-5.663934426229509,0.5857157137145141
50,75,1.7,3.0,224,0.5044642857142857,5.799107142857142,357,0.4565826330532213,-4.6470588235294095,0.5760241596638664
50,70,1.7,3.0,240,0.5041666666666667,5.583333333333336,396,0.45707070707070707,-4.494949494949502,0.5441919191919169
60,85,1.5,2.5,238,0.5462184873949579,2.747899159663867,402,0.5373134328358209,-1.7164179104477582,0.5157406246080544
90,85,1.7,3.0,121,0.5289256198347108,6.074380165289258,181,0.4696132596685083,-5.044198895027625,0.5150906351308167
90,65,1.7,3.0,121,0.5289256198347108,6.074380165289258,181,0.4696132596685083,-5.044198895027625,0.5150906351308167
90,70,1.7,3.0,121,0.5289256198347108,6.074380165289258,181,0.4696132596685083,-5.044198895027625,0.5150906351308167
90,75,1.7,3.0,121,0.5289256198347108,6.074380165289258,181,0.4696132596685083,-5.044198895027625,0.5150906351308167
90,80,1.7,3.0,121,0.5289256198347108,6.074380165289258,181,0.4696132596685083,-5.044198895027625,0.5150906351308167
80,85,1.5,2.5,218,0.5596330275229358,4.770642201834866,345,0.527536231884058,-3.7420289855072437,0.514306608163811
70,65,1.5,2.5,259,0.5521235521235521,3.691119691119691,418,0.5334928229665071,-2.686602870813395,0.502258410153148
70,70,1.5,2.5,259,0.5521235521235521,3.691119691119691,418,0.5334928229665071,-2.686602870813395,0.502258410153148
70,75,2.0,99.0,126,0.4603174603174603,9.23015873015873,186,0.3978494623655914,-8.317204301075268,0.4564772145417306
70,65,2.0,99.0,127,0.4645669291338583,10.141732283464563,188,0.39361702127659576,-9.292553191489361,0.424589545987601
70,70,2.0,99.0,127,0.4645669291338583,10.141732283464563,188,0.39361702127659576,-9.292553191489361,0.424589545987601
60,80,1.5,2.5,257,0.5408560311284046,1.8949416342412464,429,0.5384615384615384,-1.1724941724941715,0.36122373087353743
70,80,1.5,3.0,270,0.5407407407407407,4.544444444444448,437,0.517162471395881,-3.983981693363845,0.2802313755403014
90,80,1.5,2.5,177,0.5536723163841808,2.327683615819209,278,0.5467625899280576,-1.8309352517985595,0.24837418201032468
90,70,1.5,2.5,177,0.5536723163841808,2.327683615819209,278,0.5467625899280576,-1.8309352517985595,0.24837418201032468
90,75,1.5,2.5,177,0.5536723163841808,2.327683615819209,278,0.5467625899280576,-1.8309352517985595,0.24837418201032468
90,65,1.5,2.5,177,0.5536723163841808,2.327683615819209,278,0.5467625899280576,-1.8309352517985595,0.24837418201032468
90,85,1.5,2.5,177,0.5536723163841808,2.327683615819209,278,0.5467625899280576,-1.8309352517985595,0.24837418201032468
50,80,1.5,2.5,263,0.5399239543726235,1.7072243346007618,437,0.5377574370709383,-1.244851258581234,0.23118653800976396
60,85,2.0,4.0,118,0.4491525423728814,4.542372881355932,167,0.41916167664670656,-4.083832335329341,0.22927027301329517
60,70,1.7,3.0,227,0.5110132158590308,6.837004405286344,371,0.4501347708894879,-6.3827493261455555,0.22712753957039444
70,80,2.0,99.0,124,0.45161290322580644,6.153225806451614,176,0.4090909090909091,-5.778409090909091,0.18740835777126152
70,80,1.7,4.0,204,0.5049019607843137,6.573529411764707,301,0.45182724252491696,-6.275747508305648,0.1488909517295296
70,85,1.7,4.0,188,0.5,5.271276595744682,277,0.4584837545126354,-5.223826714801445,0.023724940471618883
70,75,1.5,3.0,278,0.539568345323741,4.37769784172662,450,0.5133333333333333,-4.495555555555556,-0.0589288569144677
50,85,2.0,4.0,121,0.4462809917355372,3.8512396694214863,172,0.4186046511627907,-3.9941860465116283,-0.07147318854507101
50,85,2.0,99.0,122,0.4426229508196721,3.0,175,0.41714285714285715,-3.165714285714285,-0.08285714285714252
70,85,1.7,99.0,188,0.5,5.271276595744682,278,0.4568345323741007,-5.5647482014388485,-0.1467358028470831
80,70,2.0,99.0,96,0.4583333333333333,4.645833333333332,139,0.4172661870503597,-5.129496402877699,-0.24183153477218333
80,70,2.0,4.0,96,0.4583333333333333,4.645833333333332,139,0.4172661870503597,-5.129496402877699,-0.24183153477218333
80,75,2.0,4.0,96,0.4583333333333333,4.645833333333332,139,0.4172661870503597,-5.129496402877699,-0.24183153477218333
80,75,2.0,99.0,96,0.4583333333333333,4.645833333333332,139,0.4172661870503597,-5.129496402877699,-0.24183153477218333
80,65,2.0,99.0,96,0.4583333333333333,4.645833333333332,139,0.4172661870503597,-5.129496402877699,-0.24183153477218333
80,65,2.0,4.0,96,0.4583333333333333,4.645833333333332,139,0.4172661870503597,-5.129496402877699,-0.24183153477218333
80,80,2.0,4.0,96,0.4583333333333333,4.645833333333332,139,0.4172661870503597,-5.129496402877699,-0.24183153477218333
80,80,2.0,99.0,96,0.4583333333333333,4.645833333333332,139,0.4172661870503597,-5.129496402877699,-0.24183153477218333
70,75,1.7,4.0,211,0.5071090047393365,7.563981042654031,318,0.44339622641509435,-8.084905660377363,-0.260462308861666
70,80,1.7,99.0,205,0.5024390243902439,6.053658536585368,302,0.4503311258278146,-6.5860927152317865,-0.2662170893232094
70,85,1.5,3.0,252,0.5396825396825397,3.6388888888888915,410,0.5170731707317073,-4.3317073170731675,-0.346409214092138
70,70,1.5,3.0,283,0.5406360424028268,4.491166077738517,455,0.5098901098901099,-5.193406593406595,-0.35112025783403933
70,65,1.5,3.0,283,0.5406360424028268,4.491166077738517,455,0.5098901098901099,-5.193406593406595,-0.35112025783403933
100,70,1.7,2.5,87,0.5402298850574713,5.977011494252875,122,0.47540983606557374,-6.868852459016393,-0.4459204823817591
100,80,1.7,2.5,87,0.5402298850574713,5.977011494252875,122,0.47540983606557374,-6.868852459016393,-0.4459204823817591
100,65,1.7,2.5,87,0.5402298850574713,5.977011494252875,122,0.47540983606557374,-6.868852459016393,-0.4459204823817591
100,75,1.7,2.5,87,0.5402298850574713,5.977011494252875,122,0.47540983606557374,-6.868852459016393,-0.4459204823817591
100,85,1.7,2.5,87,0.5402298850574713,5.977011494252875,122,0.47540983606557374,-6.868852459016393,-0.4459204823817591
60,85,2.0,99.0,119,0.44537815126050423,3.663865546218487,168,0.4166666666666667,-4.654761904761904,-0.4954481792717087
60,75,1.5,2.5,269,0.5390334572490706,1.3382899628252802,454,0.5330396475770925,-2.339207048458149,-0.5004585428164344
80,85,1.5,3.0,232,0.5474137931034483,4.258620689655176,366,0.5109289617486339,-5.461748633879779,-0.6015639721123014
80,80,1.7,99.0,170,0.5117647058823529,5.211764705882355,248,0.45564516129032256,-6.419354838709677,-0.6037950664136611
80,80,1.7,4.0,170,0.5117647058823529,5.211764705882355,248,0.45564516129032256,-6.419354838709677,-0.6037950664136611
80,70,1.7,99.0,170,0.5117647058823529,5.211764705882355,248,0.45564516129032256,-6.419354838709677,-0.6037950664136611
80,75,1.7,99.0,170,0.5117647058823529,5.211764705882355,248,0.45564516129032256,-6.419354838709677,-0.6037950664136611
80,75,1.7,4.0,170,0.5117647058823529,5.211764705882355,248,0.45564516129032256,-6.419354838709677,-0.6037950664136611
80,70,1.7,4.0,170,0.5117647058823529,5.211764705882355,248,0.45564516129032256,-6.419354838709677,-0.6037950664136611
80,65,1.7,99.0,170,0.5117647058823529,5.211764705882355,248,0.45564516129032256,-6.419354838709677,-0.6037950664136611
80,65,1.7,4.0,170,0.5117647058823529,5.211764705882355,248,0.45564516129032256,-6.419354838709677,-0.6037950664136611
100,65,1.5,3.0,136,0.5661764705882353,3.889705882352946,220,0.5318181818181819,-5.122727272727271,-0.6165106951871626
100,70,1.5,99.0,136,0.5661764705882353,3.889705882352946,220,0.5318181818181819,-5.122727272727271,-0.6165106951871626
100,80,1.5,99.0,136,0.5661764705882353,3.889705882352946,220,0.5318181818181819,-5.122727272727271,-0.6165106951871626
100,80,1.5,4.0,136,0.5661764705882353,3.889705882352946,220,0.5318181818181819,-5.122727272727271,-0.6165106951871626
100,70,1.5,4.0,136,0.5661764705882353,3.889705882352946,220,0.5318181818181819,-5.122727272727271,-0.6165106951871626
100,65,1.5,99.0,136,0.5661764705882353,3.889705882352946,220,0.5318181818181819,-5.122727272727271,-0.6165106951871626
100,80,1.5,3.0,136,0.5661764705882353,3.889705882352946,220,0.5318181818181819,-5.122727272727271,-0.6165106951871626
100,70,1.5,3.0,136,0.5661764705882353,3.889705882352946,220,0.5318181818181819,-5.122727272727271,-0.6165106951871626
100,65,1.5,4.0,136,0.5661764705882353,3.889705882352946,220,0.5318181818181819,-5.122727272727271,-0.6165106951871626
100,85,1.5,3.0,136,0.5661764705882353,3.889705882352946,220,0.5318181818181819,-5.122727272727271,-0.6165106951871626
100,75,1.5,4.0,136,0.5661764705882353,3.889705882352946,220,0.5318181818181819,-5.122727272727271,-0.6165106951871626
100,75,1.5,3.0,136,0.5661764705882353,3.889705882352946,220,0.5318181818181819,-5.122727272727271,-0.6165106951871626
100,85,1.5,99.0,136,0.5661764705882353,3.889705882352946,220,0.5318181818181819,-5.122727272727271,-0.6165106951871626
100,85,1.5,4.0,136,0.5661764705882353,3.889705882352946,220,0.5318181818181819,-5.122727272727271,-0.6165106951871626
100,75,1.5,99.0,136,0.5661764705882353,3.889705882352946,220,0.5318181818181819,-5.122727272727271,-0.6165106951871626
50,65,1.7,3.0,255,0.4980392156862745,4.470588235294118,436,0.4518348623853211,-5.704128440366975,-0.6167701025364285
90,65,1.5,3.0,181,0.5469613259668509,1.6685082872928179,290,0.5344827586206896,-2.9275862068965495,-0.6295389598018658
90,80,1.5,3.0,181,0.5469613259668509,1.6685082872928179,290,0.5344827586206896,-2.9275862068965495,-0.6295389598018658
90,75,1.5,3.0,181,0.5469613259668509,1.6685082872928179,290,0.5344827586206896,-2.9275862068965495,-0.6295389598018658
90,70,1.5,3.0,181,0.5469613259668509,1.6685082872928179,290,0.5344827586206896,-2.9275862068965495,-0.6295389598018658
90,85,1.5,3.0,181,0.5469613259668509,1.6685082872928179,290,0.5344827586206896,-2.9275862068965495,-0.6295389598018658
50,75,1.5,2.5,282,0.5390070921985816,1.241134751773052,467,0.5310492505353319,-2.511777301927193,-0.6353212750770705
70,75,1.7,99.0,212,0.5047169811320755,7.056603773584907,319,0.44200626959247646,-8.373040752351098,-0.6582184893830956
50,75,2.0,99.0,150,0.43333333333333335,3.886666666666668,240,0.3958333333333333,-5.295833333333333,-0.7045833333333327
50,80,1.5,3.0,289,0.5259515570934256,1.9342560553633248,481,0.5135135135135135,-3.3492723492723475,-0.7075081469545114
60,65,1.7,3.0,237,0.5063291139240507,5.999999999999999,387,0.4444444444444444,-7.527131782945739,-0.76356589147287
50,75,2.0,4.0,148,0.4391891891891892,5.29054054054054,234,0.3974358974358974,-6.854700854700857,-0.7820801570801583
60,80,1.5,3.0,283,0.5265017667844523,2.109540636042404,469,0.5138592750533049,-3.6993603411513845,-0.7949098525544902
70,65,1.7,4.0,213,0.5070422535211268,7.610328638497653,322,0.43788819875776397,-9.22670807453416,-0.8081897180182538
70,70,1.7,4.0,213,0.5070422535211268,7.610328638497653,322,0.43788819875776397,-9.22670807453416,-0.8081897180182538
50,85,1.5,3.0,263,0.532319391634981,2.239543726235743,431,0.5174013921113689,-3.9512761020881677,-0.8558661879262124
60,85,1.5,3.0,258,0.5310077519379846,2.042635658914729,426,0.5187793427230047,-3.985915492957745,-0.971639917021508
90,70,1.7,99.0,125,0.512,2.6800000000000006,184,0.4673913043478261,-4.744565217391304,-1.0322826086956516
90,70,1.7,4.0,125,0.512,2.6800000000000006,184,0.4673913043478261,-4.744565217391304,-1.0322826086956516
90,85,1.7,4.0,125,0.512,2.6800000000000006,184,0.4673913043478261,-4.744565217391304,-1.0322826086956516
90,85,1.7,99.0,125,0.512,2.6800000000000006,184,0.4673913043478261,-4.744565217391304,-1.0322826086956516
90,65,1.7,4.0,125,0.512,2.6800000000000006,184,0.4673913043478261,-4.744565217391304,-1.0322826086956516
90,75,1.7,99.0,125,0.512,2.6800000000000006,184,0.4673913043478261,-4.744565217391304,-1.0322826086956516
90,75,1.7,4.0,125,0.512,2.6800000000000006,184,0.4673913043478261,-4.744565217391304,-1.0322826086956516
90,65,1.7,99.0,125,0.512,2.6800000000000006,184,0.4673913043478261,-4.744565217391304,-1.0322826086956516
90,80,1.7,4.0,125,0.512,2.6800000000000006,184,0.4673913043478261,-4.744565217391304,-1.0322826086956516
90,80,1.7,99.0,125,0.512,2.6800000000000006,184,0.4673913043478261,-4.744565217391304,-1.0322826086956516
80,65,1.5,3.0,238,0.5462184873949579,3.8361344537815145,370,0.5081081081081081,-5.970270270270269,-1.067067908244377
80,70,1.5,3.0,238,0.5462184873949579,3.8361344537815145,370,0.5081081081081081,-5.970270270270269,-1.067067908244377
80,75,1.5,3.0,238,0.5462184873949579,3.8361344537815145,370,0.5081081081081081,-5.970270270270269,-1.067067908244377
80,80,1.5,3.0,238,0.5462184873949579,3.8361344537815145,370,0.5081081081081081,-5.970270270270269,-1.067067908244377
50,80,2.0,99.0,138,0.427536231884058,0.565217391304347,213,0.4084507042253521,-2.7840375586854456,-1.1094100836905492
50,65,1.7,99.0,287,0.47735191637630664,4.878048780487806,486,0.4279835390946502,-7.271604938271606,-1.1967780788919002
70,65,1.7,99.0,214,0.5046728971962616,7.10747663551402,323,0.43653250773993807,-9.507739938080501,-1.2001316512832405
70,70,1.7,99.0,214,0.5046728971962616,7.10747663551402,323,0.43653250773993807,-9.507739938080501,-1.2001316512832405
60,70,1.5,2.5,285,0.5333333333333333,0.08070175438596537,482,0.5311203319502075,-2.6058091286307024,-1.2625536871223686
50,65,1.7,4.0,282,0.48226950354609927,5.1418439716312045,478,0.4309623430962343,-7.671548117154813,-1.2648520727618044
100,75,1.5,2.5,135,0.562962962962963,2.5111111111111137,214,0.5373831775700935,-5.079439252336446,-1.284164070612666
100,80,1.5,2.5,135,0.562962962962963,2.5111111111111137,214,0.5373831775700935,-5.079439252336446,-1.284164070612666
100,85,1.5,2.5,135,0.562962962962963,2.5111111111111137,214,0.5373831775700935,-5.079439252336446,-1.284164070612666
100,70,1.5,2.5,135,0.562962962962963,2.5111111111111137,214,0.5373831775700935,-5.079439252336446,-1.284164070612666
100,65,1.5,2.5,135,0.562962962962963,2.5111111111111137,214,0.5373831775700935,-5.079439252336446,-1.284164070612666
60,75,2.0,4.0,142,0.44366197183098594,6.42957746478873,221,0.3891402714932127,-9.113122171945703,-1.3417723535784862
60,85,1.7,4.0,194,0.4896907216494845,3.0979381443298966,290,0.45517241379310347,-5.900000000000002,-1.4010309278350528
50,80,2.0,4.0,136,0.4338235294117647,2.044117647058822,208,0.40865384615384615,-4.932692307692307,-1.4442873303167423
50,70,1.5,2.5,303,0.528052805280528,-0.9966996699669941,507,0.5325443786982249,-2.0256410256410247,-1.5111703478040095
60,80,2.0,4.0,133,0.43609022556390975,2.616541353383459,199,0.40703517587939697,-5.658291457286431,-1.520875051951486
50,75,1.5,3.0,314,0.5222929936305732,1.273885350318472,522,0.5057471264367817,-4.344827586206895,-1.5354711179442115
50,70,1.7,99.0,265,0.47924528301886793,3.6792452830188687,441,0.4308390022675737,-6.750566893424044,-1.5356608052025877
60,75,2.0,99.0,144,0.4375,4.951388888888889,224,0.38839285714285715,-8.098214285714286,-1.5734126984126986
60,70,1.7,4.0,247,0.4898785425101215,5.008097165991904,404,0.4306930693069307,-8.163366336633667,-1.5776345853208813
60,65,1.7,4.0,258,0.4883720930232558,5.220930232558139,424,0.4268867924528302,-8.47405660377359,-1.6265631856077256
90,85,1.5,4.0,185,0.5351351351351351,-0.5297297297297286,293,0.5324232081911263,-2.7610921501706454,-1.645410939950187
90,85,1.5,99.0,185,0.5351351351351351,-0.5297297297297286,293,0.5324232081911263,-2.7610921501706454,-1.645410939950187
90,75,1.5,4.0,185,0.5351351351351351,-0.5297297297297286,293,0.5324232081911263,-2.7610921501706454,-1.645410939950187
90,80,1.5,99.0,185,0.5351351351351351,-0.5297297297297286,293,0.5324232081911263,-2.7610921501706454,-1.645410939950187
90,80,1.5,4.0,185,0.5351351351351351,-0.5297297297297286,293,0.5324232081911263,-2.7610921501706454,-1.645410939950187
90,75,1.5,99.0,185,0.5351351351351351,-0.5297297297297286,293,0.5324232081911263,-2.7610921501706454,-1.645410939950187
90,70,1.5,99.0,185,0.5351351351351351,-0.5297297297297286,293,0.5324232081911263,-2.7610921501706454,-1.645410939950187
90,70,1.5,4.0,185,0.5351351351351351,-0.5297297297297286,293,0.5324232081911263,-2.7610921501706454,-1.645410939950187
90,65,1.5,99.0,185,0.5351351351351351,-0.5297297297297286,293,0.5324232081911263,-2.7610921501706454,-1.645410939950187
90,65,1.5,4.0,185,0.5351351351351351,-0.5297297297297286,293,0.5324232081911263,-2.7610921501706454,-1.645410939950187
60,75,1.5,3.0,301,0.521594684385382,1.3621262458471783,503,0.5069582504970179,-4.775347912524849,-1.7066108333388352
60,80,2.0,99.0,135,0.42962962962962964,1.0962962962962963,202,0.40594059405940597,-4.584158415841585,-1.743931059772644
50,70,1.7,4.0,261,0.4827586206896552,3.544061302681993,433,0.4341801385681293,-7.182448036951507,-1.8191933671347569
60,85,1.7,99.0,195,0.48717948717948717,2.569230769230768,291,0.4536082474226804,-6.2233676975945045,-1.8270684641818682
60,70,1.7,99.0,249,0.4859437751004016,4.164658634538152,408,0.42892156862745096,-7.838235294117651,-1.8367883297897496
60,65,1.7,99.0,260,0.4846153846153846,4.41153846153846,428,0.4252336448598131,-8.161214953271035,-1.8748382458662873
70,85,1.5,4.0,265,0.5207547169811321,1.0452830188679254,420,0.5095238095238095,-4.9428571428571395,-1.948787061994607
60,80,1.7,4.0,218,0.48623853211009177,2.8027522935779823,330,0.44545454545454544,-6.742424242424241,-1.9698359744231295
50,85,1.7,4.0,198,0.48484848484848486,2.176767676767677,296,0.4527027027027027,-6.135135135135136,-1.9791837291837295
50,85,1.7,99.0,199,0.4824120603015075,1.6633165829145733,299,0.451505016722408,-5.628762541806022,-1.9827229794457244
70,85,1.5,99.0,265,0.5207547169811321,1.0452830188679254,421,0.5083135391923991,-5.168646080760092,-2.061681530946083
60,80,1.7,99.0,220,0.4818181818181818,1.8681818181818188,333,0.4444444444444444,-6.08108108108108,-2.1064496314496304
60,65,1.5,2.5,295,0.5288135593220339,-0.7322033898305084,498,0.5261044176706827,-3.495983935742973,-2.1140936627867406
70,80,1.5,4.0,285,0.519298245614035,1.3578947368421066,452,0.504424778761062,-5.621681415929203,-2.131893339543548
80,85,1.5,99.0,237,0.5358649789029536,2.0590717299578056,374,0.5026737967914439,-6.574866310160424,-2.257897290101309
80,85,1.5,4.0,237,0.5358649789029536,2.0590717299578056,374,0.5026737967914439,-6.574866310160424,-2.257897290101309
50,70,1.5,3.0,338,0.514792899408284,-0.08875739644970193,572,0.5034965034965035,-4.43006993006993,-2.259413663259816
50,80,1.7,99.0,225,0.47555555555555556,0.6266666666666657,345,0.4434782608695652,-5.194202898550724,-2.283768115942029
70,80,1.5,99.0,286,0.5174825174825175,1.0034965034965049,453,0.5033112582781457,-5.830022075055188,-2.4132627857793416
60,70,1.5,3.0,319,0.5172413793103449,0.42319749216301017,540,0.5018518518518519,-5.385185185185184,-2.4809938465110872
50,80,1.7,4.0,223,0.4798206278026906,1.5291479820627794,340,0.4441176470588235,-6.544117647058825,-2.507484832498023
70,75,1.5,4.0,294,0.5204081632653061,2.0306122448979607,470,0.4957446808510638,-7.070212765957451,-2.5198002605297454
60,85,1.5,4.0,271,0.5129151291512916,-0.4169741697416962,437,0.5102974828375286,-4.80091533180778,-2.608944750774738
60,75,1.7,4.0,235,0.4851063829787234,3.897872340425531,367,0.4332425068119891,-9.152588555858316,-2.6273581077163923
60,75,1.7,99.0,237,0.4810126582278481,3.021097046413503,370,0.43243243243243246,-8.537837837837843,-2.75837039571217
50,85,1.5,4.0,277,0.5126353790613718,-0.5451263537906128,443,0.5079006772009029,-4.972911963882616,-2.7590191588366144
70,70,1.5,4.0,299,0.5217391304347826,2.177257525083613,475,0.4926315789473684,-7.711578947368423,-2.767160711142405
70,65,1.5,4.0,299,0.5217391304347826,2.177257525083613,475,0.4926315789473684,-7.711578947368423,-2.767160711142405
50,85,1.5,99.0,278,0.5107913669064749,-0.9028776978417246,446,0.5067264573991032,-4.6412556053811596,-2.772066651611442
70,75,1.5,99.0,295,0.5186440677966102,1.6847457627118663,471,0.49469214437367304,-7.267515923566884,-2.7913850804275087
50,75,1.7,99.0,246,0.47560975609756095,1.8658536585365846,389,0.4318766066838046,-7.496143958868898,-2.8151451501661566
50,75,1.7,4.0,244,0.47950819672131145,2.7008196721311473,383,0.43342036553524804,-8.483028720626635,-2.891104524247744
60,85,1.5,99.0,272,0.5110294117647058,-0.7830882352941151,438,0.5091324200913242,-5.018264840182648,-2.9006765377383816
50,65,1.5,2.5,323,0.5170278637770898,-2.9535603715170264,545,0.5266055045871559,-2.957798165137614,-2.9556792683273203
80,75,1.5,99.0,244,0.5327868852459017,1.282786885245903,379,0.49868073878627966,-7.30606860158311,-3.0116408581686036
80,70,1.5,4.0,244,0.5327868852459017,1.282786885245903,379,0.49868073878627966,-7.30606860158311,-3.0116408581686036
80,75,1.5,4.0,244,0.5327868852459017,1.282786885245903,379,0.49868073878627966,-7.30606860158311,-3.0116408581686036
80,65,1.5,99.0,244,0.5327868852459017,1.282786885245903,379,0.49868073878627966,-7.30606860158311,-3.0116408581686036
80,65,1.5,4.0,244,0.5327868852459017,1.282786885245903,379,0.49868073878627966,-7.30606860158311,-3.0116408581686036
80,80,1.5,4.0,244,0.5327868852459017,1.282786885245903,379,0.49868073878627966,-7.30606860158311,-3.0116408581686036
80,80,1.5,99.0,244,0.5327868852459017,1.282786885245903,379,0.49868073878627966,-7.30606860158311,-3.0116408581686036
80,70,1.5,99.0,244,0.5327868852459017,1.282786885245903,379,0.49868073878627966,-7.30606860158311,-3.0116408581686036
70,70,1.5,99.0,300,0.52,1.8366666666666673,476,0.49159663865546216,-7.90546218487395,-3.0343977591036415
70,65,1.5,99.0,300,0.52,1.8366666666666673,476,0.49159663865546216,-7.90546218487395,-3.0343977591036415
60,65,1.5,3.0,330,0.5151515151515151,0.17575757575757747,560,0.49642857142857144,-6.308928571428574,-3.066585497835498
50,80,1.5,99.0,309,0.49838187702265374,-2.5275080906148863,504,0.498015873015873,-4.519841269841271,-3.5236746802280785
60,80,1.5,4.0,300,0.5033333333333333,-1.4766666666666661,486,0.5,-5.627572016460907,-3.5521193415637864
60,65,1.5,4.0,351,0.5014245014245015,-0.04843304843305012,597,0.4807370184254606,-7.056951423785596,-3.5526922361093227
50,70,1.5,99.0,363,0.49586776859504134,-1.0881542699724511,617,0.4813614262560778,-6.047001620745545,-3.5675779453589977
50,65,1.5,3.0,359,0.5069637883008357,-1.4484679665738125,620,0.49516129032258066,-5.740322580645159,-3.5943952736094857
60,70,1.5,4.0,339,0.5014749262536873,-0.5309734513274337,573,0.4851657940663176,-6.69808027923211,-3.614526865279772
60,80,1.5,99.0,302,0.5,-2.1291390728476807,489,0.49897750511247446,-5.184049079754602,-3.6565940763011415
50,80,1.5,4.0,307,0.501628664495114,-1.8925081433224757,499,0.49899799599198397,-5.432865731462927,-3.6626869373927016
60,65,1.5,99.0,353,0.4985835694050991,-0.6147308781869693,601,0.47920133111480867,-6.843594009983366,-3.7291624440851674
50,65,1.5,99.0,391,0.49104859335038364,-0.6649616368286443,670,0.4746268656716418,-6.874626865671643,-3.7697942512501434
50,70,1.5,4.0,359,0.4986072423398329,-1.2395543175487433,609,0.48440065681444994,-6.344827586206899,-3.7921909518778207
60,70,1.5,99.0,341,0.49853372434017595,-1.1143695014662751,577,0.48353552859618715,-6.478336221837094,-3.796352861651685
50,75,1.5,99.0,336,0.5,-1.3095238095238038,554,0.4855595667870036,-6.362815884476536,-3.83616984700017
50,65,1.5,4.0,386,0.4948186528497409,-0.5440414507772023,662,0.4773413897280967,-7.158610271903326,-3.851325861340264
50,75,1.5,4.0,334,0.5029940119760479,-0.7185628742514928,548,0.48722627737226276,-7.040145985401465,-3.879354429826479
60,75,1.5,4.0,320,0.503125,-0.406249999999999,528,0.48863636363636365,-7.37121212121212,-3.8887310606060597
60,75,1.5,99.0,322,0.5,-1.0248447204968933,531,0.487758945386064,-6.952919020715638,-3.9888818706062654
